<?xml version="1.0" encoding="UTF-8"?>
<!--Web Package Manager 9.0b210(DS Wildfly)--><datasources>
  <datasource jta="true" jndi-name="java:/MGEDS" pool-name="MGEDS" enabled="true" use-java-context="true" use-ccm="true">
    <connection-url>jdbc:oracle:thin:@oracle-xe.orclproducao4900:1521/xepdb1</connection-url>
    <driver-class>oracle.jdbc.driver.OracleDriver</driver-class>
    <driver>com.oracle.ojdbc</driver>
    <transaction-isolation>TRANSACTION_READ_COMMITTED</transaction-isolation>
    <pool>
      <min-pool-size>100</min-pool-size>
      <max-pool-size>100</max-pool-size>
    </pool>
    <security>
      <user-name>sankhya</user-name>
      <password></password>
    </security>
    <validation>
      <check-valid-connection-sql>select 1 from dual</check-valid-connection-sql>
      <validate-on-match>false</validate-on-match>
      <background-validation>true</background-validation>
      <background-validation-millis>10000</background-validation-millis>
      <exception-sorter class-name="org.jboss.jca.adapters.jdbc.extensions.oracle.OracleExceptionSorter" />
    </validation>
  </datasource>
</datasources>
